{
    "usuarios": [
        {
            "id": 1,
            "email": "admin@yopmail.com",
            "name": "admin",
            "surname1": "admin",
            "surname2": "admin"
        },
        {
            "id": 2,
            "email": "admin2@yopmail.com",
            "name": "admin2",
            "surname1": "admin2",
            "surname2": "admin2"
        },
        {
            "id": 3,
            "email": "user3@yopmail.com",
            "name": "user3",
            "surname1": "surname3",
            "surname2": "surname3"
        },
        {
            "id": 4,
            "email": "user4@yopmail.com",
            "name": "user4",
            "surname1": "surname4",
            "surname2": "surname4"
        },
        {
            "id": 5,
            "email": "user5@yopmail.com",
            "name": "user5",
            "surname1": "surname5",
            "surname2": "surname5"
        },
        {
            "id": 6,
            "email": "user6@yopmail.com",
            "name": "user6",
            "surname1": "surname6",
            "surname2": "surname6"
        },
        {
            "id": 7,
            "email": "user7@yopmail.com",
            "name": "user7",
            "surname1": "surname7",
            "surname2": "surname7"
        },
        {
            "id": 8,
            "email": "user8@yopmail.com",
            "name": "user8",
            "surname1": "surname8",
            "surname2": "surname8"
        },
        {
            "id": 9,
            "email": "user9@yopmail.com",
            "name": "user9",
            "surname1": "surname9",
            "surname2": "surname9"
        },
        {
            "id": 10,
            "email": "user10@yopmail.com",
            "name": "user10",
            "surname1": "surname10",
            "surname2": "surname10"
        },
        {
            "id": 11,
            "email": "user11@yopmail.com",
            "name": "user11",
            "surname1": "surname11",
            "surname2": "surname11"
        },
        {
            "id": 12,
            "email": "user12@yopmail.com",
            "name": "user12",
            "surname1": "surname12",
            "surname2": "surname12"
        },
        {
            "id": 13,
            "email": "user13@yopmail.com",
            "name": "user13",
            "surname1": "surname13",
            "surname2": "surname13"
        },
        {
            "id": 14,
            "email": "user14@yopmail.com",
            "name": "user14",
            "surname1": "surname14",
            "surname2": "surname14"
        },
        {
            "id": 15,
            "email": "user15@yopmail.com",
            "name": "user15",
            "surname1": "surname15",
            "surname2": "surname15"
        },
        {
            "id": 16,
            "email": "user16@yopmail.com",
            "name": "user16",
            "surname1": "surname16",
            "surname2": "surname16"
        },
        {
            "id": 17,
            "email": "user17@yopmail.com",
            "name": "user17",
            "surname1": "surname17",
            "surname2": "surname17"
        },
        {
            "id": 18,
            "email": "user18@yopmail.com",
            "name": "user18",
            "surname1": "surname18",
            "surname2": "surname18"
        },
        {
            "id": 19,
            "email": "user19@yopmail.com",
            "name": "user19",
            "surname1": "surname19",
            "surname2": "surname19"
        },
        {
            "id": 20,
            "email": "user20@yopmail.com",
            "name": "user20",
            "surname1": "surname20",
            "surname2": "surname20"
        }
    ]
}